date,sic_mean_pct
1990-03-01,64.667
1990-03-02,65.116
1990-03-03,65.904
1990-03-04,68.436
1990-03-05,70.736
1990-03-06,73.049
1990-03-07,75.225
1990-03-08,76.88
1990-03-09,77.622
1990-03-10,78.496
1990-03-11,76.86
1990-03-12,75.536
1990-03-13,74.623
1990-03-14,73.615
1990-03-15,70.493
1990-03-16,67.823
1990-03-17,67.701
1990-03-18,70.382
1990-03-19,71.06
1990-03-20,71.1
1990-03-21,71.66
1990-03-22,72.151
1990-03-23,72.274
1990-03-24,72.084
1990-03-25,70.797
1990-03-26,69.105
1990-03-27,66.752
1990-03-28,64.591
1990-03-29,63.494
1990-03-30,64.219
1990-03-31,65.084
1991-03-01,66.336
1991-03-02,66.88
1991-03-03,67.794
1991-03-04,69.213
1991-03-05,70.059
1991-03-06,71.086
1991-03-07,71.895
1991-03-08,74.641
1991-03-09,76.105
1991-03-10,76.72
1991-03-11,76.532
1991-03-12,75.893
1991-03-13,71.412
1991-03-14,69.315
1991-03-15,68.679
1991-03-16,68.392
1991-03-17,68.715
1991-03-18,69.558
1991-03-19,70.308
1991-03-20,70.768
1991-03-21,70.892
1991-03-22,69.906
1991-03-23,68.271
1991-03-24,67.151
1991-03-25,63.938
1991-03-26,63.405
1991-03-27,63.166
1991-03-28,62.816
1991-03-29,61.114
1991-03-30,59.003
1991-03-31,60.736
1992-03-01,68.864
1992-03-02,68.325
1992-03-03,66.678
1992-03-04,66.419
1992-03-05,66.777
1992-03-06,67.303
1992-03-07,66.797
1992-03-08,67.447
1992-03-09,67.273
1992-03-10,68.738
1992-03-11,69.37
1992-03-12,69.772
1992-03-13,68.768
1992-03-14,69.252
1992-03-15,71.224
1992-03-16,69.986
1992-03-17,70.238
1992-03-18,69.754
1992-03-19,68.059
1992-03-20,69.058
1992-03-21,68.484
1992-03-22,65.544
1992-03-23,67.066
1992-03-24,66.342
1992-03-25,64.95
1992-03-26,64.505
1992-03-27,64.161
1992-03-28,64.533
1992-03-29,65.033
1992-03-30,66.187
1992-03-31,66.652
1993-03-01,66.099
1993-03-02,66.481
1993-03-03,67.36
1993-03-04,67.871
1993-03-05,68.066
1993-03-06,68.941
1993-03-07,69.275
1993-03-08,71.02
1993-03-09,71.764
1993-03-10,72.488
1993-03-11,72.225
1993-03-12,73.186
1993-03-13,73.501
1993-03-14,74.412
1993-03-15,74.122
1993-03-16,73.792
1993-03-17,72.021
1993-03-18,71.545
1993-03-19,71.701
1993-03-20,72.131
1993-03-21,72.976
1993-03-22,72.801
1993-03-23,72.51
1993-03-24,71.953
1993-03-25,70.77
1993-03-26,70.807
1993-03-27,70.544
1993-03-28,70.006
1993-03-29,70.889
1993-03-30,71.704
1993-03-31,71.575
1994-03-01,80.331
1994-03-02,80.295
1994-03-03,79.564
1994-03-04,78.991
1994-03-05,79.306
1994-03-06,78.799
1994-03-07,75.045
1994-03-08,74.543
1994-03-09,74.975
1994-03-10,75.757
1994-03-11,75.995
1994-03-12,77.014
1994-03-13,77.21
1994-03-14,77.577
1994-03-15,77.242
1994-03-16,74.987
1994-03-17,73.402
1994-03-18,73.912
1994-03-19,73.3
1994-03-20,74.261
1994-03-21,74.238
1994-03-22,74.271
1994-03-23,73.873
1994-03-24,72.475
1994-03-25,70.982
1994-03-26,71.515
1994-03-27,72.681
1994-03-28,75.45
1994-03-29,76.325
1994-03-30,76.994
1994-03-31,75.928
1995-03-01,70.42
1995-03-02,69.857
1995-03-03,68.395
1995-03-04,70.79
1995-03-05,72.101
1995-03-06,74.924
1995-03-07,75.381
1995-03-08,75.332
1995-03-09,75.649
1995-03-10,76.662
1995-03-11,69.465
1995-03-12,68.681
1995-03-13,68.048
1995-03-14,68.401
1995-03-15,69.23
1995-03-16,69.115
1995-03-17,69.778
1995-03-18,72.843
1995-03-19,74.815
1995-03-20,73.274
1995-03-21,71.971
1995-03-22,71.364
1995-03-23,71.207
1995-03-24,68.395
1995-03-25,68.104
1995-03-26,68.07
1995-03-27,68.043
1995-03-28,69.065
1995-03-29,69.283
1995-03-30,69.95
1995-03-31,70.766
1996-03-01,70.477
1996-03-02,71.192
1996-03-03,72.877
1996-03-04,72.236
1996-03-05,72.287
1996-03-06,72.129
1996-03-07,70.147
1996-03-08,69.523
1996-03-09,67.544
1996-03-10,65.713
1996-03-11,64.102
1996-03-12,63.154
1996-03-13,62.447
1996-03-14,62.039
1996-03-15,63.231
1996-03-16,63.179
1996-03-17,63.239
1996-03-18,63.372
1996-03-19,63.735
1996-03-20,64.906
1996-03-21,64.743
1996-03-22,65.922
1996-03-23,66.748
1996-03-24,67.57
1996-03-25,69.432
1996-03-26,70.723
1996-03-27,71.579
1996-03-28,73.061
1996-03-29,73.219
1996-03-30,73.277
1996-03-31,73.157
1997-03-01,70.268
1997-03-02,70.489
1997-03-03,69.492
1997-03-04,65.326
1997-03-05,65.859
1997-03-06,64.774
1997-03-07,61.741
1997-03-08,61.555
1997-03-09,62.116
1997-03-10,62.154
1997-03-11,61.072
1997-03-12,60.69
1997-03-13,62.857
1997-03-14,64.91
1997-03-15,65.884
1997-03-16,67.813
1997-03-17,69.156
1997-03-18,70.43
1997-03-19,72.555
1997-03-20,75.302
1997-03-21,76.14
1997-03-22,77.838
1997-03-23,79.081
1997-03-24,79.656
1997-03-25,79.324
1997-03-26,79.494
1997-03-27,77.367
1997-03-28,74.773
1997-03-29,74.604
1997-03-30,74.783
1997-03-31,75.438
1998-03-01,82.895
1998-03-02,83.825
1998-03-03,83.682
1998-03-04,83.948
1998-03-05,85.062
1998-03-06,85.435
1998-03-07,85.985
1998-03-08,85.933
1998-03-09,85.742
1998-03-10,86.003
1998-03-11,85.542
1998-03-12,86.539
1998-03-13,85.928
1998-03-14,84.953
1998-03-15,84.314
1998-03-16,84.428
1998-03-17,81.106
1998-03-18,80.077
1998-03-19,79.891
1998-03-20,78.885
1998-03-21,78.592
1998-03-22,78.147
1998-03-23,76.225
1998-03-24,75.774
1998-03-25,74.94
1998-03-26,74.44
1998-03-27,74.966
1998-03-28,75.468
1998-03-29,74.846
1998-03-30,74.528
1998-03-31,74.948
1999-03-01,77.184
1999-03-02,76.112
1999-03-03,75.782
1999-03-04,75.509
1999-03-05,75.191
1999-03-06,75.432
1999-03-07,75.657
1999-03-08,76.645
1999-03-09,77.055
1999-03-10,77.671
1999-03-11,78.374
1999-03-12,78.386
1999-03-13,78.719
1999-03-14,79.264
1999-03-15,78.263
1999-03-16,77.526
1999-03-17,75.425
1999-03-18,73.818
1999-03-19,72.871
1999-03-20,74.004
1999-03-21,73.702
1999-03-22,73.506
1999-03-23,74.481
1999-03-24,76.965
1999-03-25,78.659
1999-03-26,79.568
1999-03-27,80.242
1999-03-28,80.443
1999-03-29,81.517
1999-03-30,81.434
1999-03-31,81.242
2000-03-01,69.302
2000-03-02,70.386
2000-03-03,70.618
2000-03-04,71.192
2000-03-05,71.189
2000-03-06,70.946
2000-03-07,71.133
2000-03-08,70.508
2000-03-09,70.16
2000-03-10,69.447
2000-03-11,68.849
2000-03-12,68.33
2000-03-13,67.443
2000-03-14,61.919
2000-03-15,61.452
2000-03-16,60.95
2000-03-17,61.151
2000-03-18,63.124
2000-03-19,61.592
2000-03-20,59.051
2000-03-21,58.005
2000-03-22,56.633
2000-03-23,56.429
2000-03-24,59.014
2000-03-25,58.672
2000-03-26,59.907
2000-03-27,58.496
2000-03-28,60.222
2000-03-29,62.095
2000-03-30,63.56
2000-03-31,63.631
2001-03-01,67.481
2001-03-02,68.163
2001-03-03,68.111
2001-03-04,67.961
2001-03-05,67.277
2001-03-06,68.059
2001-03-07,67.689
2001-03-08,67.334
2001-03-09,67.993
2001-03-10,68.438
2001-03-11,68.739
2001-03-12,69.571
2001-03-13,71.215
2001-03-14,72.406
2001-03-15,73.314
2001-03-16,73.445
2001-03-17,73.714
2001-03-18,73.727
2001-03-19,73.831
2001-03-20,73.376
2001-03-21,73.649
2001-03-22,74.181
2001-03-23,75.034
2001-03-24,75.587
2001-03-25,74.793
2001-03-26,74.775
2001-03-27,74.036
2001-03-28,73.136
2001-03-29,71.667
2001-03-30,71.347
2001-03-31,71.327
2002-03-01,69.149
2002-03-02,69.747
2002-03-03,71.295
2002-03-04,73.751
2002-03-05,74.103
2002-03-06,74.382
2002-03-07,73.851
2002-03-08,73.558
2002-03-09,74.248
2002-03-10,74.615
2002-03-11,75.023
2002-03-12,75.756
2002-03-13,75.872
2002-03-14,76.36
2002-03-15,76.098
2002-03-16,75.383
2002-03-17,75.195
2002-03-18,74.366
2002-03-19,74.831
2002-03-20,75.661
2002-03-21,75.857
2002-03-22,75.646
2002-03-23,75.623
2002-03-24,76.381
2002-03-25,75.019
2002-03-26,74.076
2002-03-27,74.796
2002-03-28,73.463
2002-03-29,73.647
2002-03-30,72.863
2002-03-31,73.343
2003-03-01,74.002
2003-03-02,75.041
2003-03-03,76.629
2003-03-04,77.321
2003-03-05,77.62
2003-03-06,78.856
2003-03-07,78.51
2003-03-08,78.348
2003-03-09,78.155
2003-03-10,78.34
2003-03-11,78.879
2003-03-12,78.471
2003-03-13,78.284
2003-03-14,78.646
2003-03-15,78.25
2003-03-16,78.217
2003-03-17,77.897
2003-03-18,77.686
2003-03-19,77.685
2003-03-20,77.605
2003-03-21,77.176
2003-03-22,76.109
2003-03-23,74.684
2003-03-24,74.575
2003-03-25,74.935
2003-03-26,75.633
2003-03-27,76.786
2003-03-28,78.463
2003-03-29,79.278
2003-03-30,80.175
2003-03-31,80.558
2004-03-01,79.221
2004-03-02,79.691
2004-03-03,79.901
2004-03-04,78.17
2004-03-05,76.452
2004-03-06,74.049
2004-03-07,73.517
2004-03-08,72.498
2004-03-09,68.399
2004-03-10,66.977
2004-03-11,65.722
2004-03-12,64.675
2004-03-13,64.403
2004-03-14,64.538
2004-03-15,65.322
2004-03-16,65.704
2004-03-17,66.333
2004-03-18,68.412
2004-03-19,69.426
2004-03-20,70.167
2004-03-21,71.074
2004-03-22,71.171
2004-03-23,70.846
2004-03-24,71.185
2004-03-25,71.379
2004-03-26,69.596
2004-03-27,69.193
2004-03-28,69.542
2004-03-29,70.175
2004-03-30,70.786
2004-03-31,70.899
2005-03-01,63.549
2005-03-02,64.923
2005-03-03,66.315
2005-03-04,67.223
2005-03-05,68.497
2005-03-06,69.167
2005-03-07,70.144
2005-03-08,70.1
2005-03-09,72.333
2005-03-10,73.445
2005-03-11,74.62
2005-03-12,76.0
2005-03-13,76.537
2005-03-14,76.772
2005-03-15,77.352
2005-03-16,77.28
2005-03-17,77.148
2005-03-18,75.857
2005-03-19,76.119
2005-03-20,76.222
2005-03-21,75.596
2005-03-22,75.353
2005-03-23,76.285
2005-03-24,76.098
2005-03-25,75.576
2005-03-26,74.916
2005-03-27,73.704
2005-03-28,70.804
2005-03-29,70.201
2005-03-30,69.885
2005-03-31,70.032
2006-03-01,62.04
2006-03-02,64.51
2006-03-03,66.623
2006-03-04,67.949
2006-03-05,69.163
2006-03-06,70.923
2006-03-07,71.063
2006-03-08,71.157
2006-03-09,70.938
2006-03-10,71.219
2006-03-11,70.659
2006-03-12,70.56
2006-03-13,69.271
2006-03-14,68.936
2006-03-15,70.039
2006-03-16,70.724
2006-03-17,71.394
2006-03-18,71.293
2006-03-19,70.969
2006-03-20,70.679
2006-03-21,69.922
2006-03-22,67.915
2006-03-23,64.824
2006-03-24,62.71
2006-03-25,62.408
2006-03-26,62.545
2006-03-27,63.238
2006-03-28,64.425
2006-03-29,65.671
2006-03-30,67.371
2006-03-31,68.683
2007-03-01,74.564
2007-03-02,73.801
2007-03-03,73.627
2007-03-04,74.12
2007-03-05,74.324
2007-03-06,75.873
2007-03-07,76.324
2007-03-08,77.59
2007-03-09,77.546
2007-03-10,76.658
2007-03-11,76.797
2007-03-12,77.269
2007-03-13,76.167
2007-03-14,75.871
2007-03-15,74.706
2007-03-16,72.846
2007-03-17,73.194
2007-03-18,71.572
2007-03-19,71.021
2007-03-20,71.348
2007-03-21,71.359
2007-03-22,71.162
2007-03-23,72.139
2007-03-24,70.417
2007-03-25,69.85
2007-03-26,69.895
2007-03-27,69.383
2007-03-28,69.229
2007-03-29,70.68
2007-03-30,71.386
2007-03-31,73.078
2008-03-01,72.925
2008-03-02,73.271
2008-03-03,74.046
2008-03-04,74.205
2008-03-05,74.326
2008-03-06,76.19
2008-03-07,75.878
2008-03-08,76.295
2008-03-09,75.751
2008-03-10,74.549
2008-03-11,74.23
2008-03-12,73.994
2008-03-13,72.93
2008-03-14,72.578
2008-03-15,71.921
2008-03-16,71.312
2008-03-17,71.072
2008-03-18,72.508
2008-03-19,74.867
2008-03-20,75.822
2008-03-21,76.554
2008-03-22,77.727
2008-03-23,78.337
2008-03-24,78.254
2008-03-25,78.104
2008-03-26,77.082
2008-03-27,77.385
2008-03-28,77.541
2008-03-29,77.571
2008-03-30,78.054
2008-03-31,77.604
2009-03-01,76.161
2009-03-02,77.736
2009-03-03,79.432
2009-03-04,80.245
2009-03-05,80.081
2009-03-06,80.041
2009-03-07,80.587
2009-03-08,81.976
2009-03-09,83.435
2009-03-10,82.983
2009-03-11,83.192
2009-03-12,82.471
2009-03-13,81.906
2009-03-14,80.341
2009-03-15,79.256
2009-03-16,77.487
2009-03-17,77.312
2009-03-18,78.024
2009-03-19,77.675
2009-03-20,77.675
2009-03-21,77.776
2009-03-22,78.129
2009-03-23,78.426
2009-03-24,78.759
2009-03-25,77.935
2009-03-26,77.369
2009-03-27,76.694
2009-03-28,77.041
2009-03-29,77.126
2009-03-30,77.153
2009-03-31,77.304
2010-03-01,68.942
2010-03-02,68.824
2010-03-03,69.26
2010-03-04,70.386
2010-03-05,72.806
2010-03-06,76.199
2010-03-07,78.126
2010-03-08,77.418
2010-03-09,77.226
2010-03-10,77.414
2010-03-11,75.492
2010-03-12,74.249
2010-03-13,72.645
2010-03-14,72.759
2010-03-15,73.795
2010-03-16,74.627
2010-03-17,75.41
2010-03-18,75.951
2010-03-19,76.105
2010-03-20,77.219
2010-03-21,77.612
2010-03-22,77.8
2010-03-23,77.455
2010-03-24,76.602
2010-03-25,76.693
2010-03-26,77.019
2010-03-27,77.325
2010-03-28,78.92
2010-03-29,80.314
2010-03-30,83.15
2010-03-31,83.98
2011-03-01,74.747
2011-03-02,72.884
2011-03-03,72.141
2011-03-04,72.045
2011-03-05,72.162
2011-03-06,73.163
2011-03-07,75.271
2011-03-08,77.082
2011-03-09,77.737
2011-03-10,77.981
2011-03-11,77.807
2011-03-12,76.166
2011-03-13,75.248
2011-03-14,75.24
2011-03-15,75.962
2011-03-16,76.625
2011-03-17,77.777
2011-03-18,77.294
2011-03-19,75.846
2011-03-20,73.792
2011-03-21,69.547
2011-03-22,68.466
2011-03-23,68.233
2011-03-24,68.159
2011-03-25,68.678
2011-03-26,70.559
2011-03-27,73.754
2011-03-28,75.781
2011-03-29,77.261
2011-03-30,79.064
2011-03-31,80.113
2012-03-01,60.843
2012-03-02,59.994
2012-03-03,59.502
2012-03-04,59.864
2012-03-05,60.871
2012-03-06,61.998
2012-03-07,63.295
2012-03-08,63.885
2012-03-09,64.082
2012-03-10,64.438
2012-03-11,64.559
2012-03-12,63.83
2012-03-13,63.689
2012-03-14,63.554
2012-03-15,62.934
2012-03-16,62.511
2012-03-17,62.317
2012-03-18,61.239
2012-03-19,61.627
2012-03-20,61.646
2012-03-21,62.397
2012-03-22,63.86
2012-03-23,64.869
2012-03-24,67.06
2012-03-25,68.683
2012-03-26,70.107
2012-03-27,70.243
2012-03-28,71.886
2012-03-29,71.977
2012-03-30,72.162
2012-03-31,72.554
2013-03-01,68.292
2013-03-02,67.932
2013-03-03,68.009
2013-03-04,68.791
2013-03-05,68.878
2013-03-06,69.397
2013-03-07,70.19
2013-03-08,70.966
2013-03-09,71.481
2013-03-10,71.844
2013-03-11,70.995
2013-03-12,72.027
2013-03-13,72.22
2013-03-14,72.282
2013-03-15,72.348
2013-03-16,72.843
2013-03-17,73.549
2013-03-18,73.967
2013-03-19,73.838
2013-03-20,72.983
2013-03-21,71.85
2013-03-22,71.641
2013-03-23,71.528
2013-03-24,71.323
2013-03-25,71.988
2013-03-26,72.802
2013-03-27,73.093
2013-03-28,72.969
2013-03-29,72.751
2013-03-30,70.107
2013-03-31,67.961
2014-03-01,49.157
2014-03-02,49.591
2014-03-03,50.598
2014-03-04,49.489
2014-03-05,48.74
2014-03-06,48.881
2014-03-07,48.682
2014-03-08,48.071
2014-03-09,47.727
2014-03-10,45.871
2014-03-11,45.412
2014-03-12,45.493
2014-03-13,45.757
2014-03-14,46.518
2014-03-15,49.899
2014-03-16,51.223
2014-03-17,51.855
2014-03-18,53.78
2014-03-19,55.176
2014-03-20,56.685
2014-03-21,58.322
2014-03-22,60.045
2014-03-23,61.293
2014-03-24,62.962
2014-03-25,64.483
2014-03-26,65.155
2014-03-27,65.387
2014-03-28,65.591
2014-03-29,64.271
2014-03-30,62.689
2014-03-31,62.201
2015-03-01,68.382
2015-03-02,68.677
2015-03-03,68.799
2015-03-04,68.49
2015-03-05,68.034
2015-03-06,66.637
2015-03-07,64.105
2015-03-08,62.149
2015-03-09,61.171
2015-03-10,58.846
2015-03-11,56.907
2015-03-12,56.031
2015-03-13,58.362
2015-03-14,58.557
2015-03-15,59.606
2015-03-16,60.621
2015-03-17,61.088
2015-03-18,61.663
2015-03-19,61.959
2015-03-20,62.829
2015-03-21,63.041
2015-03-22,63.627
2015-03-23,64.456
2015-03-24,65.495
2015-03-25,67.237
2015-03-26,69.334
2015-03-27,69.371
2015-03-28,69.299
2015-03-29,68.958
2015-03-30,68.497
2015-03-31,67.671
2016-03-01,47.196
2016-03-02,50.746
2016-03-03,50.562
2016-03-04,50.281
2016-03-05,50.636
2016-03-06,49.153
2016-03-07,44.937
2016-03-08,43.931
2016-03-09,43.309
2016-03-10,41.845
2016-03-11,41.885
2016-03-12,42.102
2016-03-13,42.53
2016-03-14,42.422
2016-03-15,42.281
2016-03-16,42.097
2016-03-17,42.599
2016-03-18,43.701
2016-03-19,46.482
2016-03-20,48.18
2016-03-21,49.167
2016-03-22,50.854
2016-03-23,52.928
2016-03-24,54.379
2016-03-25,56.119
2016-03-26,57.359
2016-03-27,59.858
2016-03-28,60.403
2016-03-29,60.678
2016-03-30,59.423
2016-03-31,54.43
2017-03-01,56.281
2017-03-02,55.905
2017-03-03,55.905
2017-03-04,55.905
2017-03-05,55.905
2017-03-06,58.439
2017-03-07,57.937
2017-03-08,62.176
2017-03-09,64.175
2017-03-10,65.756
2017-03-11,65.279
2017-03-12,65.231
2017-03-13,64.899
2017-03-14,65.178
2017-03-15,62.435
2017-03-16,61.497
2017-03-17,60.241
2017-03-18,59.682
2017-03-19,59.718
2017-03-20,60.219
2017-03-21,61.082
2017-03-22,63.138
2017-03-23,67.03
2017-03-24,68.326
2017-03-25,68.506
2017-03-26,68.967
2017-03-27,68.263
2017-03-28,68.159
2017-03-29,68.056
2017-03-30,67.444
2017-03-31,67.205
2018-03-01,62.392
2018-03-02,59.407
2018-03-03,57.156
2018-03-04,55.367
2018-03-05,55.117
2018-03-06,55.216
2018-03-07,55.468
2018-03-08,57.076
2018-03-09,58.737
2018-03-10,60.036
2018-03-11,61.931
2018-03-12,63.08
2018-03-13,65.906
2018-03-14,67.796
2018-03-15,69.506
2018-03-16,71.574
2018-03-17,71.836
2018-03-18,71.898
2018-03-19,71.568
2018-03-20,69.322
2018-03-21,66.129
2018-03-22,65.907
2018-03-23,66.546
2018-03-24,66.429
2018-03-25,66.235
2018-03-26,67.214
2018-03-27,65.758
2018-03-28,66.128
2018-03-29,66.534
2018-03-30,66.986
2018-03-31,67.885
2019-03-01,70.754
2019-03-02,69.798
2019-03-03,70.273
2019-03-04,70.605
2019-03-05,72.458
2019-03-06,74.065
2019-03-07,74.697
2019-03-08,74.796
2019-03-09,73.201
2019-03-10,72.251
2019-03-11,71.481
2019-03-12,70.444
2019-03-13,70.764
2019-03-14,72.35
2019-03-15,73.551
2019-03-16,78.153
2019-03-17,78.867
2019-03-18,78.922
2019-03-19,78.952
2019-03-20,78.265
2019-03-21,78.15
2019-03-22,76.782
2019-03-23,75.809
2019-03-24,72.964
2019-03-25,71.597
2019-03-26,71.253
2019-03-27,71.219
2019-03-28,71.798
2019-03-29,73.525
2019-03-30,74.057
2019-03-31,74.907
2020-03-01,83.698
2020-03-02,83.967
2020-03-03,84.318
2020-03-04,84.145
2020-03-05,83.945
2020-03-06,83.32
2020-03-07,82.271
2020-03-08,81.607
2020-03-09,80.51
2020-03-10,78.569
2020-03-11,78.885
2020-03-12,79.597
2020-03-13,80.106
2020-03-14,81.283
2020-03-15,82.26
2020-03-16,82.666
2020-03-17,81.777
2020-03-18,82.495
2020-03-19,82.932
2020-03-20,82.848
2020-03-21,82.477
2020-03-22,82.277
2020-03-23,82.344
2020-03-24,82.764
2020-03-25,82.256
2020-03-26,81.215
2020-03-27,79.457
2020-03-28,79.9
2020-03-29,79.982
2020-03-30,80.371
2020-03-31,81.652
2021-03-01,62.86
2021-03-02,62.88
2021-03-03,65.255
2021-03-04,66.68
2021-03-05,68.294
2021-03-06,70.312
2021-03-07,72.078
2021-03-08,74.256
2021-03-09,75.321
2021-03-10,76.312
2021-03-11,76.407
2021-03-12,76.57
2021-03-13,77.218
2021-03-14,76.722
2021-03-15,76.143
2021-03-16,76.708
2021-03-17,76.696
2021-03-18,77.087
2021-03-19,77.799
2021-03-20,76.695
2021-03-21,76.715
2021-03-22,74.15
2021-03-23,69.837
2021-03-24,67.066
2021-03-25,66.121
2021-03-26,66.918
2021-03-27,68.317
2021-03-28,70.156
2021-03-29,70.868
2021-03-30,70.289
2021-03-31,68.986
2022-03-01,78.504
2022-03-02,78.458
2022-03-03,78.1
2022-03-04,77.845
2022-03-05,78.115
2022-03-06,77.92
2022-03-07,78.163
2022-03-08,78.127
2022-03-09,77.937
2022-03-10,76.396
2022-03-11,75.64
2022-03-12,74.611
2022-03-13,73.797
2022-03-14,71.976
2022-03-15,70.432
2022-03-16,69.917
2022-03-17,69.572
2022-03-18,68.866
2022-03-19,66.728
2022-03-20,64.179
2022-03-21,64.382
2022-03-22,64.261
2022-03-23,63.433
2022-03-24,63.97
2022-03-25,63.88
2022-03-26,66.065
2022-03-27,67.498
2022-03-28,68.66
2022-03-29,69.966
2022-03-30,71.224
2022-03-31,72.207
2023-03-01,63.328
2023-03-02,62.155
2023-03-03,62.112
2023-03-04,62.209
2023-03-05,63.418
2023-03-06,66.195
2023-03-07,67.796
2023-03-08,69.924
2023-03-09,70.752
2023-03-10,71.221
2023-03-11,70.113
2023-03-12,69.589
2023-03-13,68.988
2023-03-14,68.841
2023-03-15,69.412
2023-03-16,69.371
2023-03-17,70.047
2023-03-18,71.254
2023-03-19,71.761
2023-03-20,74.055
2023-03-21,75.83
2023-03-22,77.179
2023-03-23,78.094
2023-03-24,78.089
2023-03-25,78.753
2023-03-26,72.743
2023-03-27,72.937
2023-03-28,72.495
2023-03-29,71.763
2023-03-30,73.172
2023-03-31,75.072
2024-03-01,71.069
2024-03-02,71.957
2024-03-03,71.325
2024-03-04,72.381
2024-03-05,72.504
2024-03-06,72.61
2024-03-07,72.241
2024-03-08,72.094
2024-03-09,73.1
2024-03-10,73.927
2024-03-11,74.109
2024-03-12,74.893
2024-03-13,75.82
2024-03-14,76.212
2024-03-15,76.467
2024-03-16,77.141
2024-03-17,77.53
2024-03-18,78.438
2024-03-19,78.538
2024-03-20,79.336
2024-03-21,79.555
2024-03-22,80.302
2024-03-23,81.046
2024-03-24,82.041
2024-03-25,82.475
2024-03-26,83.247
2024-03-27,83.502
2024-03-28,83.55
2024-03-29,83.78
2024-03-30,83.633
2024-03-31,83.694
